{
  "True_Parameters": {
    "Distance_Mpc": 3100.0,
    "Chirp_Mass_Msun": 30.09,
    "Merger_Time_s": 7.5,
    "Phase_pi": 0.25,
    "Flux_Ratio": 0.3333,
    "Time_Delay_s": 0.9854
  },
  "PSO_Results": {
    "Distance_Mpc": 434.60225306462155,
    "Chirp_Mass_Msun": 30.07125826842892,
    "Merger_Time_s": 7.500006923912171,
    "Phase_pi": 0.773834148098065,
    "Flux_Ratio": 0.15474535253612443,
    "Time_Delay_s": 0.975640049653376,
    "Duration_seconds": 712.0760359764099,
    "SNR": 20.35769291353255
  },
  "MCMC_Results": {
    "Distance_Mpc": 5856.042232849323,
    "Chirp_Mass_Msun": 30.06012875606794,
    "Merger_Time_s": 7.500004570091229,
    "Phase_pi": 0.26455683370196925,
    "Flux_Ratio": 0.14323392289649134,
    "Time_Delay_s": 0.9751152025153875,
    "Duration_seconds": 2580.1902709007263,
    "SNR": 20.349370430561983
  }
}