{
  "True_Parameters": {
    "Distance_Mpc": 3100.0,
    "Chirp_Mass_Msun": 30.09,
    "Merger_Time_s": 7.5,
    "Phase_pi": 0.25,
    "Flux_Ratio": 0.3333,
    "Time_Delay_s": 0.9854
  },
  "PSO_Results": {
    "Distance_Mpc": 1589.872748380593,
    "Chirp_Mass_Msun": 30.137033207136373,
    "Merger_Time_s": 7.499956165764665,
    "Phase_pi": 0.25468245797196915,
    "Flux_Ratio": 0.14686679505989084,
    "Time_Delay_s": 0.9953046250502172,
    "Duration_seconds": 752.0812728404999,
    "SNR": 20.0952216093508
  },
  "MCMC_Results": {
    "Distance_Mpc": 1588.9865125910708,
    "Chirp_Mass_Msun": 30.13039287570547,
    "Merger_Time_s": 7.4999786837832945,
    "Phase_pi": 0.7486954049822017,
    "Flux_Ratio": 0.1451581942497091,
    "Time_Delay_s": 0.9952251357456782,
    "Duration_seconds": 2867.089472055435,
    "SNR": 20.08512007299572
  }
}