{
  "True_Parameters": {
    "Distance_Mpc": 3100.0,
    "Chirp_Mass_Msun": 30.09,
    "Merger_Time_s": 7.5,
    "Phase_pi": 0.25,
    "Flux_Ratio": 0.3333,
    "Time_Delay_s": 0.9854
  },
  "PSO_Results": {
    "Distance_Mpc": 3100.215767918679,
    "Chirp_Mass_Msun": 30.095834998767202,
    "Merger_Time_s": 7.499997453785245,
    "Phase_pi": 0.2495693446245315,
    "Flux_Ratio": 0.005489944469704354,
    "Time_Delay_s": 3.897002349177541,
    "Duration_seconds": 472.7379903793335,
    "SNR": 13.121806580586599
  },
  "MCMC_Results": {
    "Distance_Mpc": 3099.0859906450846,
    "Chirp_Mass_Msun": 30.087333560849043,
    "Merger_Time_s": 7.499999099164244,
    "Phase_pi": 0.2422506624011124,
    "Flux_Ratio": 0.008575333655233351,
    "Time_Delay_s": 2.100861803369006,
    "Duration_seconds": 1176.3750898838043,
    "SNR": 13.122265521241133
  }
}